"Pseudonym";"Delivery days";"ServiceTimeFrom";"ServiceTimeTo"
"STO_002";"Mo-Sa";"01:00";"00:00"
"STO_003";"Mo-Sa";"01:00";"00:00"
"STO_004";"Mo-Sa";"01:00";"00:00"
"STO_005";"Mo-Sa";"01:00";"00:00"
"STO_006";"Mo-Sa";"01:00";"00:00"
"STO_007";"Mo-Sa";"01:00";"00:00"
"STO_008";"Mo-Sa";"06:00";"22:00"
"STO_009";"Mo-Sa";"20:00";"00:00"
"STO_010";"Mo-Sa";"06:00";"22:00"
"STO_011";"Mo-Sa";"06:00";"22:00"
"STO_012";"Mo-Sa";"01:00";"00:00"
"STO_013";"Mo-Sa";"01:00";"00:00"
"STO_014";"Mo-Sa";"06:00";"12:00"
"STO_015";"Mo-Sa";"06:00";"22:00"
"STO_016";"Mo-Sa";"06:00";"22:00"
"STO_017";"Mo-Sa";"06:00";"22:00"
"STO_018";"Mo-Sa";"01:00";"00:00"
"STO_019";"Mo-Sa";"01:00";"00:00"
"STO_020";"Mo-Sa";"01:00";"00:00"
"STO_021";"Mo-Sa";"20:00";"00:00"
"STO_022";"Mo-Sa";"01:00";"00:00"
"STO_023";"Mo-Sa";"01:00";"00:00"
"STO_024";"Mo-Sa";"01:00";"00:00"
"STO_025";"Mo-Sa";"01:00";"00:00"
"STO_026";"Mo-Sa";"01:00";"00:00"
"STO_027";"Mo-Sa";"01:00";"00:00"
"STO_028";"Mo-Sa";"20:00";"00:00"
"STO_029";"Mo-Sa";"01:00";"00:00"
"STO_030";"Mo-Sa";"01:00";"00:00"
"STO_031";"Mo-Sa";"01:00";"00:00"
"STO_032";"Mo-Sa";"01:00";"00:00"
"STO_033";"Mo-Sa";"01:00";"00:00"
"STO_034";"Mo-Sa";"01:00";"00:00"
"STO_035";"Mo-Sa";"01:00";"00:00"
"STO_036";"Mo-Sa";"01:00";"00:00"
"STO_037";"Mo-Sa";"01:00";"00:00"
"STO_038";"Mo-Sa";"01:00";"00:00"
"STO_039";"Mo-Sa";"01:00";"00:00"
"STO_040";"Mo-Sa";"06:00";"22:00"
"STO_041";"Mo-Sa";"01:00";"00:00"
"STO_042";"Mo-Sa";"01:00";"00:00"
"STO_043";"Mo-Sa";"01:00";"00:00"
"STO_044";"Mo-Sa";"01:00";"00:00"
"STO_045";"Mo-Sa";"01:00";"00:00"
"STO_046";"Mo-Sa";"06:00";"22:00"
"STO_047";"Mo-Sa";"01:00";"00:00"
"STO_048";"Mo-Sa";"20:00";"00:00"
"STO_049";"Mo-Sa";"01:00";"00:00"
"STO_050";"Mo-Sa";"01:00";"00:00"
"STO_051";"Mo-Sa";"06:00";"22:00"
"STO_052";"Mo-Sa";"06:00";"22:00"
"STO_053";"Mo-Sa";"01:00";"00:00"
"STO_054";"Mo-Sa";"01:00";"00:00"
"STO_055";"Mo-Sa";"01:00";"00:00"
"STO_056";"Mo-Sa";"01:00";"00:00"
"STO_057";"Mo-Sa";"01:00";"00:00"
"STO_058";"Mo-Sa";"01:00";"00:00"
"STO_059";"Mo-Sa";"01:00";"00:00"
"STO_060";"Mo-Sa";"01:00";"00:00"
"STO_061";"Mo-Sa";"01:00";"00:00"
"STO_062";"Mo-Sa";"22:00";"00:00"
"STO_063";"Mo-Sa";"01:00";"00:00"
"STO_064";"Mo-Sa";"01:00";"00:00"
"STO_065";"Mo-Sa";"01:00";"00:00"
"STO_066";"Mo-Sa";"06:00";"22:00"
"STO_067";"Mo-Sa";"01:00";"00:00"
"STO_068";"Mo-Sa";"01:00";"00:00"
"STO_069";"Mo-Sa";"01:00";"00:00"
"STO_070";"Mo-Sa";"01:00";"00:00"
"STO_071";"Mo-Sa";"01:00";"00:00"
"STO_072";"Mo-Sa";"22:00";"00:00"
"STO_073";"Mo-Sa";"01:00";"00:00"
"STO_074";"Mo-Sa";"01:00";"00:00"
"STO_075";"Mo-Sa";"01:00";"00:00"
"STO_076";"Mo-Sa";"06:00";"22:00"
"STO_077";"Mo-Sa";"01:00";"00:00"
"STO_078";"Mo-Sa";"01:00";"00:00"
"STO_079";"Mo-Sa";"01:00";"00:00"
"STO_080";"Mo-Sa";"06:00";"22:00"
"STO_081";"Mo-Sa";"01:00";"00:00"
"STO_082";"Mo-Sa";"01:00";"00:00"
"STO_083";"Mo-Sa";"01:00";"00:00"
"STO_084";"Mo-Sa";"06:00";"22:00"
"STO_085";"Mo-Sa";"01:00";"00:00"
"STO_086";"Mo-Sa";"01:00";"00:00"
"STO_087";"Mo-Sa";"01:00";"00:00"
"STO_088";"Mo-Sa";"01:00";"00:00"
"STO_089";"Mo-Sa";"06:15";"22:00"
"STO_090";"Mo-Sa";"06:00";"08:00"
"STO_091";"Mo-Sa";"01:00";"00:00"
"STO_092";"Mo-Sa";"01:00";"00:00"
"STO_093";"Mo-Sa";"01:00";"00:00"
"STO_094";"Mo-Sa";"01:00";"00:00"
"STO_095";"Mo-Sa";"01:00";"00:00"
"STO_096";"Mo-Sa";"06:00";"22:00"
"STO_097";"Mo-Sa";"01:00";"00:00"
"STO_098";"Mo-Sa";"01:00";"00:00"
"STO_099";"Mo-Sa";"01:00";"00:00"
"STO_100";"Mo-Sa";"06:00";"22:00"
"STO_101";"Mo-Sa";"01:00";"00:00"
"STO_102";"Mo-Sa";"07:00";"20:00"
"STO_103";"Mo-Sa";"06:00";"22:00"
"STO_104";"Mo-Sa";"06:00";"22:00"
"STO_105";"Mo-Sa";"01:00";"00:00"
"STO_106";"Mo-Sa";"20:00";"00:00"
"STO_107";"Mo-Sa";"06:00";"22:00"
"STO_108";"Mo-Sa";"01:00";"00:00"
"STO_109";"Mo-Sa";"06:00";"22:00"
"STO_110";"Mo-Sa";"06:00";"22:00"
"STO_111";"Mo-Sa";"06:00";"22:00"
"STO_112";"Mo-Sa";"01:00";"00:00"
"STO_113";"Mo-Sa";"20:00";"22:00"
"STO_114";"Mo-Sa";"06:00";"22:00"
"STO_115";"Mo-Sa";"06:00";"20:00"
"STO_116";"Mo-Sa";"01:00";"00:00"
"STO_117";"Mo-Sa";"01:00";"00:00"
"STO_118";"Mo-Sa";"01:00";"00:00"
"STO_119";"Mo-Sa";"01:00";"00:00"
"STO_120";"Mo-Sa";"01:00";"00:00"
"STO_121";"Mo-Sa";"01:00";"00:00"
"STO_122";"Mo-Sa";"20:00";"00:00"
"STO_123";"Mo-Sa";"06:15";"20:00"
"STO_124";"Mo-Sa";"06:00";"20:00"
"STO_125";"Mo-Sa";"06:00";"22:00"
"STO_126";"Mo-Sa";"05:30";"21:30"
"STO_127";"Mo-Sa";"01:00";"00:00"
"STO_128";"Mo-Sa";"01:00";"00:00"
"STO_129";"Mo-Sa";"01:00";"00:00"
"STO_130";"Mo-Sa";"01:00";"00:00"
"STO_131";"Mo-Sa";"06:00";"22:00"
"STO_132";"Mo-Sa";"01:00";"00:00"
"STO_133";"Mo-Sa";"06:00";"22:00"
"STO_134";"Mo-Sa";"01:00";"00:00"
"STO_135";"Mo-Sa";"07:00";"20:00"
"STO_136";"Mo-Sa";"22:00";"00:00"
"STO_137";"Mo-Sa";"01:00";"00:00"
"STO_138";"Mo-Sa";"01:00";"00:00"
"STO_139";"Mo-Sa";"01:00";"00:00"
"STO_140";"Mo-Sa";"01:00";"00:00"
"STO_141";"Mo-Sa";"06:15";"22:00"
"STO_142";"Mo-Sa";"06:00";"22:00"
"STO_143";"Mo-Sa";"07:00";"22:00"
"STO_144";"Mo-Sa";"01:00";"00:00"
"STO_145";"Mo-Sa";"01:00";"00:00"
"STO_146";"Mo-Sa";"07:00";"20:00"
"STO_147";"Mo-Sa";"01:00";"00:00"
"STO_148";"Mo-Sa";"01:00";"00:00"
"STO_149";"Mo-Sa";"01:00";"00:00"
"STO_150";"Mo-Sa";"01:00";"00:00"
"STO_151";"Mo-Sa";"01:00";"00:00"
"STO_152";"Mo-Sa";"01:00";"00:00"
"STO_153";"Mo-Sa";"07:00";"19:00"
"STO_154";"Mo-Sa";"01:00";"00:00"
"STO_155";"Mo-Sa";"06:00";"22:00"
"STO_156";"Mo-Sa";"06:00";"20:00"
"STO_157";"Mo-Sa";"01:00";"00:00"
"STO_158";"Mo-Sa";"06:00";"22:00"
"STO_159";"Mo-Sa";"01:00";"00:00"
"STO_160";"Mo-Sa";"01:00";"00:00"
"STO_161";"Mo-Sa";"01:00";"00:00"
"STO_162";"Mo-Sa";"06:00";"08:00"
"STO_163";"Mo-Sa";"06:00";"22:00"
"STO_164";"Mo-Sa";"06:00";"22:00"
"STO_165";"Mo-Sa";"01:00";"00:00"
"STO_166";"Mo-Sa";"01:00";"00:00"
"STO_167";"Mo-Sa";"01:00";"00:00"
"STO_168";"Mo-Sa";"06:00";"22:00"
"STO_169";"Mo-Sa";"06:00";"22:00"
"STO_170";"Mo-Sa";"01:00";"00:00"
"STO_171";"Mo-Sa";"06:00";"22:00"
"STO_172";"Mo-Sa";"01:00";"00:00"
"STO_173";"Mo-Sa";"01:00";"00:00"
"STO_174";"Mo-Sa";"06:00";"22:00"
"STO_175";"Mo-Sa";"06:00";"22:00"
"STO_176";"Mo-Sa";"06:00";"22:00"
"STO_177";"Mo-Sa";"01:00";"00:00"
"STO_178";"Mo-Sa";"06:00";"22:00"
"STO_179";"Mo-Sa";"01:00";"00:00"
"STO_180";"Mo-Sa";"01:00";"00:00"
"STO_181";"Mo-Sa";"01:00";"00:00"
"STO_182";"Mo-Sa";"01:00";"00:00"
"STO_183";"Mo-Sa";"01:00";"00:00"
"STO_184";"Mo-Sa";"01:00";"00:00"
"STO_185";"Mo-Sa";"01:00";"00:00"
"STO_186";"Mo-Sa";"01:00";"00:00"
"STO_187";"Mo-Sa";"06:00";"22:00"
"STO_188";"Mo-Sa";"01:00";"00:00"
"STO_189";"Mo-Sa";"06:00";"22:00"
"STO_190";"Mo-Sa";"06:00";"22:00"
"STO_191";"Mo-Sa";"01:00";"00:00"
"STO_192";"Mo-Sa";"01:00";"00:00"
"STO_193";"Mo-Sa";"06:00";"22:00"
"STO_194";"Mo-Sa";"06:00";"08:00"
"STO_195";"Mo-Sa";"01:00";"00:00"
"STO_196";"Mo-Sa";"07:00";"20:00"
"STO_197";"Mo-Sa";"07:00";"20:00"
"STO_198";"Mo-Sa";"01:00";"00:00"
"STO_199";"Mo-Sa";"06:00";"22:00"
"STO_200";"Mo-Sa";"01:00";"00:00"
"STO_201";"Mo-Sa";"01:00";"00:00"
"STO_202";"Mo-Sa";"01:00";"00:00"
"STO_203";"Mo-Sa";"01:00";"00:00"
"STO_204";"Mo-Sa";"01:00";"00:00"
"STO_205";"Mo-Sa";"01:00";"00:00"
"STO_206";"Mo-Sa";"06:00";"22:00"
"STO_207";"Mo-Sa";"01:00";"00:00"
"STO_208";"Mo-Sa";"06:00";"22:00"
"STO_209";"Mo-Sa";"01:00";"00:00"
"STO_210";"Mo-Sa";"01:00";"00:00"
"STO_211";"Mo-Sa";"01:00";"00:00"
"STO_212";"Mo-Sa";"01:00";"00:00"
"STO_213";"Mo-Sa";"01:00";"00:00"
"STO_214";"Mo-Sa";"01:00";"00:00"
"STO_215";"Mo-Sa";"01:00";"00:00"
"STO_216";"Mo-Sa";"01:00";"00:00"
"STO_217";"Mo-Sa";"01:00";"00:00"
"STO_218";"Mo-Sa";"01:00";"00:00"
"STO_219";"Mo-Sa";"01:00";"00:00"
"STO_220";"Mo-Sa";"06:00";"22:00"
"STO_221";"Mo-Sa";"01:00";"00:00"
"STO_222";"Mo-Sa";"06:00";"22:00"
"STO_223";"Mo-Sa";"06:00";"22:00"
"STO_224";"Mo-Sa";"01:00";"00:00"
"STO_225";"Mo-Sa";"01:00";"00:00"
"STO_226";"Mo-Sa";"01:00";"00:00"
"STO_227";"Mo-Sa";"01:00";"00:00"
"STO_228";"Mo-Sa";"01:00";"00:00"
"STO_229";"Mo-Sa";"01:00";"00:00"
"STO_230";"Mo-Sa";"01:00";"00:00"
"STO_231";"Mo-Sa";"01:00";"00:00"
"STO_232";"Mo-Sa";"01:00";"00:00"
"STO_233";"Mo-Sa";"01:00";"00:00"
"STO_234";"Mo-Sa";"01:00";"00:00"
"STO_235";"Mo-Sa";"01:00";"00:00"
"STO_236";"Mo-Sa";"01:00";"00:00"
"STO_237";"Mo-Sa";"01:00";"00:00"
"STO_238";"Mo-Sa";"01:00";"00:00"
"STO_239";"Mo-Sa";"01:00";"00:00"
"STO_240";"Mo-Sa";"01:00";"00:00"
"STO_241";"Mo-Sa";"01:00";"00:00"
"STO_242";"Mo-Sa";"01:00";"00:00"
"STO_243";"Mo-Sa";"01:00";"00:00"
"STO_244";"Mo-Sa";"06:00";"22:00"
"STO_245";"Mo-Sa";"01:00";"00:00"
"STO_246";"Mo-Sa";"07:00";"21:00"
"STO_247";"Mo-Sa";"01:00";"00:00"
"STO_248";"Mo-Sa";"01:00";"00:00"
"STO_249";"Mo-Sa";"01:00";"00:00"
"STO_250";"Mo-Sa";"06:00";"22:00"
"STO_251";"Mo-Sa";"01:00";"00:00"
"STO_252";"Mo-Sa";"01:00";"00:00"
"STO_253";"Mo-Sa";"01:00";"00:00"
"STO_254";"Mo-Sa";"01:00";"00:00"
"STO_255";"Mo-Sa";"01:00";"00:00"
"STO_256";"Mo-Sa";"01:00";"00:00"
"STO_257";"Mo-Sa";"06:00";"22:00"
"STO_258";"Mo-Sa";"06:00";"22:00"
"STO_259";"Mo-Sa";"01:00";"00:00"
"STO_260";"Mo-Sa";"01:00";"00:00"
"STO_261";"Mo-Sa";"01:00";"00:00"
"STO_262";"Mo-Sa";"01:00";"00:00"
"STO_263";"Mo-Sa";"01:00";"00:00"
"STO_264";"Mo-Sa";"01:00";"00:00"
"STO_265";"Mo-Sa";"01:00";"00:00"
"STO_266";"Mo-Sa";"01:00";"00:00"
"STO_267";"Mo-Sa";"01:00";"00:00"
"STO_268";"Mo-Sa";"01:00";"00:00"
"STO_269";"Mo-Sa";"06:00";"22:00"
"STO_270";"Mo-Sa";"06:00";"22:00"
"STO_271";"Mo-Sa";"06:00";"22:00"
"STO_272";"Mo-Sa";"01:00";"00:00"
"STO_273";"Mo-Sa";"01:00";"00:00"
"STO_274";"Mo-Sa";"01:00";"00:00"
"STO_275";"Mo-Sa";"06:00";"22:00"
"STO_276";"Mo-Sa";"07:00";"22:00"
"STO_277";"Mo-Sa";"01:00";"00:00"
"STO_278";"Mo-Sa";"06:00";"22:00"
"STO_279";"Mo-Sa";"01:00";"00:00"
"STO_280";"Mo-Sa";"06:00";"22:00"
"STO_281";"Mo-Sa";"01:00";"00:00"
"STO_282";"Mo-Sa";"01:00";"00:00"
"STO_283";"Mo-Sa";"01:00";"00:00"
"STO_284";"Mo-Sa";"01:00";"00:00"
"STO_285";"Mo-Sa";"01:00";"00:00"
"STO_286";"Mo-Sa";"01:00";"00:00"
"STO_287";"Mo-Sa";"01:00";"00:00"
"STO_288";"Mo-Sa";"01:00";"00:00"
"STO_289";"Mo-Sa";"01:00";"00:00"
"STO_290";"Mo-Sa";"01:00";"00:00"
"STO_291";"Mo-Sa";"01:00";"00:00"
"STO_292";"Mo-Sa";"01:00";"00:00"
"STO_293";"Mo-Sa";"06:00";"22:00"
"STO_294";"Mo-Sa";"01:00";"00:00"
"STO_295";"Mo-Sa";"06:00";"22:00"
"STO_296";"Mo-Sa";"01:00";"00:00"
"STO_297";"Mo-Sa";"01:00";"00:00"
"STO_298";"Mo-Sa";"01:00";"00:00"
"STO_299";"Mo-Sa";"06:00";"22:00"
"STO_300";"Mo-Sa";"01:00";"00:00"
"STO_301";"Mo-Sa";"01:00";"00:00"
"STO_302";"Mo-Sa";"01:00";"00:00"
"STO_303";"Mo-Sa";"01:00";"00:00"
"STO_304";"Mo-Sa";"01:00";"00:00"
"STO_305";"Mo-Sa";"01:00";"00:00"
"STO_306";"Mo-Sa";"01:00";"00:00"
"STO_307";"Mo-Sa";"01:00";"00:00"
"STO_308";"Mo-Sa";"06:00";"22:00"
"STO_309";"Mo-Sa";"01:00";"00:00"
"STO_310";"Mo-Sa";"01:00";"00:00"
"STO_311";"Mo-Sa";"01:00";"00:00"
"STO_312";"Mo-Sa";"01:00";"00:00"
"STO_313";"Mo-Sa";"01:00";"00:00"
"STO_314";"Mo-Sa";"01:00";"00:00"
"STO_315";"Mo-Sa";"01:00";"00:00"
"STO_316";"Mo-Sa";"01:00";"00:00"
"STO_317";"Mo-Sa";"06:00";"22:00"
"STO_318";"Mo-Sa";"01:00";"00:00"
"STO_319";"Mo-Sa";"01:00";"00:00"
"STO_320";"Mo-Sa";"07:00";"22:00"
"STO_321";"Mo-Sa";"06:00";"22:00"
"STO_322";"Mo-Sa";"06:00";"20:00"
"STO_323";"Mo-Sa";"06:00";"22:00"
"STO_324";"Mo-Sa";"01:00";"00:00"
"STO_325";"Mo-Sa";"01:00";"00:00"
"STO_326";"Mo-Sa";"06:00";"22:00"
"STO_327";"Mo-Sa";"01:00";"00:00"
"STO_328";"Mo-Sa";"01:00";"00:00"
"STO_329";"Mo-Sa";"06:00";"22:00"
"STO_330";"Mo-Sa";"01:00";"00:00"
"STO_331";"Mo-Sa";"01:00";"00:00"
"STO_332";"Mo-Sa";"01:00";"00:00"
"STO_333";"Mo-Sa";"01:00";"00:00"
"STO_334";"Mo-Sa";"06:00";"22:00"
"STO_335";"Mo-Sa";"01:00";"00:00"
"STO_336";"Mo-Sa";"01:00";"00:00"
"STO_337";"Mo-Sa";"01:00";"00:00"
"STO_338";"Mo-Sa";"01:00";"00:00"
"STO_339";"Mo-Sa";"06:00";"22:00"
"STO_340";"Mo-Sa";"01:00";"00:00"
"STO_341";"Mo-Sa";"01:00";"00:00"
"STO_342";"Mo-Sa";"01:00";"00:00"
"STO_343";"Mo-Sa";"01:00";"00:00"
"STO_344";"Mo-Sa";"01:00";"00:00"
"STO_345";"Mo-Sa";"01:00";"00:00"
"STO_346";"Mo-Sa";"06:00";"22:00"
"STO_347";"Mo-Sa";"01:00";"00:00"
"STO_348";"Mo-Sa";"01:00";"00:00"
"STO_349";"Mo-Sa";"01:00";"00:00"
"STO_350";"Mo-Sa";"01:00";"00:00"
"STO_351";"Mo-Sa";"06:00";"22:00"
"STO_352";"Mo-Sa";"01:00";"00:00"
"STO_353";"Mo-Sa";"01:00";"00:00"
"STO_354";"Mo-Sa";"01:00";"00:00"
"STO_355";"Mo-Sa";"01:00";"00:00"
"STO_356";"Mo-Sa";"01:00";"00:00"
"STO_357";"Mo-Sa";"07:00";"19:00"
"STO_358";"Mo-Sa";"01:00";"00:00"
"STO_359";"Mo-Sa";"01:00";"00:00"
"STO_360";"Mo-Sa";"06:00";"22:00"
"STO_361";"Mo-Sa";"06:00";"22:00"
"STO_362";"Mo-Sa";"06:00";"22:00"
"STO_363";"Mo-Sa";"01:00";"00:00"
"STO_364";"Mo-Sa";"06:00";"07:30"
"STO_365";"Mo-Sa";"01:00";"00:00"
"STO_366";"Mo-Sa";"01:00";"00:00"
"STO_367";"Mo-Sa";"07:00";"22:00"
"STO_368";"Mo-Sa";"06:00";"22:00"
"STO_369";"Mo-Sa";"01:00";"00:00"
"STO_370";"Mo-Sa";"06:00";"22:00"
"STO_371";"Mo-Sa";"01:00";"00:00"
"STO_372";"Mo-Sa";"01:00";"00:00"
"STO_373";"Mo-Sa";"01:00";"00:00"
"STO_374";"Mo-Sa";"01:00";"00:00"
"STO_375";"Mo-Sa";"06:00";"22:00"
"STO_376";"Mo-Sa";"01:00";"00:00"
"STO_377";"Mo-Sa";"01:00";"00:00"
"STO_378";"Mo-Sa";"01:00";"00:00"
"STO_379";"Mo-Sa";"06:00";"22:00"
"STO_380";"Mo-Sa";"01:00";"00:00"
"STO_381";"Mo-Sa";"01:00";"00:00"
"STO_382";"Mo-Sa";"06:00";"22:00"
"STO_383";"Mo-Sa";"06:00";"22:00"
"STO_384";"Mo-Sa";"06:00";"22:00"
"STO_385";"Mo-Sa";"01:00";"00:00"
"STO_386";"Mo-Sa";"06:00";"22:00"
"STO_387";"Mo-Sa";"01:00";"00:00"
"STO_388";"Mo-Sa";"06:00";"22:00"
"STO_389";"Mo-Sa";"06:00";"22:00"
"STO_390";"Mo-Sa";"01:00";"00:00"
"STO_391";"Mo-Sa";"01:00";"00:00"
"STO_392";"Mo-Sa";"06:00";"22:00"
"STO_393";"Mo-Sa";"06:00";"22:00"
"STO_394";"Mo-Sa";"01:00";"00:00"
"STO_395";"Mo-Sa";"01:00";"00:00"
"STO_396";"Mo-Sa";"06:00";"22:00"
"STO_397";"Mo-Sa";"01:00";"00:00"
"STO_398";"Mo-Sa";"21:00";"00:00"
"STO_399";"Mo-Sa";"01:00";"00:00"
"STO_400";"Mo-Sa";"01:00";"00:00"
"STO_401";"Mo-Sa";"01:00";"00:00"
"STO_402";"Mo-Sa";"06:00";"22:00"
"STO_403";"Mo-Sa";"06:00";"22:00"
"STO_404";"Mo-Sa";"06:00";"08:00"
"STO_405";"Mo-Sa";"06:00";"22:00"
"STO_406";"Mo-Sa";"01:00";"00:00"
"STO_407";"Mo-Sa";"01:00";"00:00"
"STO_408";"Mo-Sa";"06:00";"22:00"
"STO_409";"Mo-Sa";"06:00";"22:00"
"STO_410";"Mo-Sa";"01:00";"00:00"
"STO_411";"Mo-Sa";"01:00";"00:00"
"STO_412";"Mo-Sa";"06:00";"22:00"
"STO_413";"Mo-Sa";"01:00";"00:00"
"STO_414";"Mo-Sa";"01:00";"00:00"
"STO_415";"Mo-Sa";"01:00";"00:00"
"STO_416";"Mo-Sa";"01:00";"00:00"
"STO_417";"Mo-Sa";"06:00";"22:00"
"STO_418";"Mo-Sa";"06:00";"22:00"
"STO_419";"Mo-Sa";"01:00";"00:00"
"STO_420";"Mo-Sa";"06:00";"20:00"
"STO_421";"Mo-Sa";"06:00";"22:00"
"STO_422";"Mo-Sa";"01:00";"00:00"
"STO_423";"Mo-Sa";"01:00";"00:00"
"STO_424";"Mo-Sa";"01:00";"00:00"
"STO_425";"Mo-Sa";"06:00";"10:00"
"STO_426";"Mo-Sa";"01:00";"00:00"
"STO_427";"Mo-Sa";"06:00";"22:00"
"STO_428";"Mo-Sa";"06:00";"22:00"
"STO_429";"Mo-Sa";"06:00";"22:00"
"STO_430";"Mo-Sa";"06:00";"22:00"
"STO_431";"Mo-Sa";"01:00";"00:00"
"STO_432";"Mo-Sa";"01:00";"00:00"
"STO_433";"Mo-Sa";"01:00";"00:00"
"STO_434";"Mo-Sa";"01:00";"00:00"
"STO_435";"Mo-Sa";"06:00";"22:00"
"STO_436";"Mo-Sa";"01:00";"00:00"
"STO_437";"Mo-Sa";"06:00";"22:00"
"STO_438";"Mo-Sa";"01:00";"00:00"
"STO_439";"Mo-Sa";"01:00";"00:00"
"STO_440";"Mo-Sa";"01:00";"00:00"
"STO_441";"Mo-Sa";"06:00";"22:00"
"STO_442";"Mo-Sa";"01:00";"00:00"
"STO_443";"Mo-Sa";"01:00";"00:00"
"STO_444";"Mo-Sa";"01:00";"00:00"
"STO_445";"Mo-Sa";"01:00";"00:00"
"STO_446";"Mo-Sa";"01:00";"00:00"
"STO_447";"Mo-Sa";"06:00";"22:00"
"STO_448";"Mo-Sa";"01:00";"00:00"
"STO_449";"Mo-Sa";"07:00";"22:00"
"STO_450";"Mo-Sa";"01:00";"00:00"
"STO_451";"Mo-Sa";"01:00";"00:00"
"STO_452";"Mo-Sa";"06:00";"22:00"
"STO_453";"Mo-Sa";"01:00";"00:00"
"STO_454";"Mo-Sa";"01:00";"00:00"
"STO_455";"Mo-Sa";"01:00";"00:00"
"STO_456";"Mo-Sa";"06:00";"22:00"
"STO_457";"Mo-Sa";"01:00";"00:00"
"STO_458";"Mo-Sa";"07:00";"22:00"
"STO_459";"Mo-Sa";"01:00";"00:00"
"STO_460";"Mo-Sa";"01:00";"00:00"
"STO_461";"Mo-Sa";"01:00";"00:00"
"STO_462";"Mo-Sa";"06:00";"23:30"
"STO_463";"Mo-Sa";"01:00";"00:00"
"STO_464";"Mo-Sa";"01:00";"00:00"
"STO_465";"Mo-Sa";"01:00";"00:00"
"STO_466";"Mo-Sa";"01:00";"00:00"
"STO_467";"Mo-Sa";"01:00";"00:00"
"STO_468";"Mo-Sa";"07:00";"22:00"
"STO_469";"Mo-Sa";"01:00";"00:00"
"STO_470";"Mo-Sa";"06:00";"22:00"
"STO_471";"Mo-Sa";"01:00";"00:00"
"STO_472";"Mo-Sa";"01:00";"00:00"
"STO_473";"Mo-Sa";"06:00";"22:00"
"STO_474";"Mo-Sa";"01:00";"00:00"
"STO_475";"Mo-Sa";"01:00";"00:00"
"STO_476";"Mo-Sa";"01:00";"00:00"
"STO_477";"Mo-Sa";"01:00";"00:00"
"STO_478";"Mo-Sa";"01:00";"00:00"
"STO_479";"Mo-Sa";"01:00";"00:00"
"STO_480";"Mo-Sa";"06:00";"22:00"
"STO_481";"Mo-Sa";"06:00";"22:00"
"STO_482";"Mo-Sa";"06:00";"22:00"
"STO_483";"Mo-Sa";"06:00";"22:00"
"STO_484";"Mo-Sa";"06:00";"22:00"
"STO_485";"Mo-Sa";"06:00";"22:00"
"STO_486";"Mo-Sa";"06:00";"22:00"
"STO_487";"Mo-Sa";"01:00";"00:00"
"STO_488";"Mo-Sa";"01:00";"00:00"
"STO_489";"Mo-Sa";"06:00";"22:00"
"STO_490";"Mo-Sa";"01:00";"00:00"
"STO_491";"Mo-Sa";"01:00";"00:00"
"STO_492";"Mo-Sa";"06:00";"22:00"
"STO_493";"Mo-Sa";"06:00";"22:00"
"STO_494";"Mo-Sa";"06:00";"22:00"
"STO_495";"Mo-Sa";"01:00";"00:00"
"STO_496";"Mo-Sa";"01:00";"00:00"
"STO_497";"Mo-Sa";"01:00";"00:00"
"STO_498";"Mo-Sa";"01:00";"00:00"
"STO_499";"Mo-Sa";"01:00";"00:00"
"STO_500";"Mo-Sa";"01:00";"00:00"
"STO_501";"Mo-Sa";"01:00";"00:00"
"STO_502";"Mo-Sa";"01:00";"00:00"
"STO_503";"Mo-Sa";"01:00";"00:00"
"STO_504";"Mo-Sa";"01:00";"00:00"
"STO_505";"Mo-Sa";"06:00";"22:00"
"STO_506";"Mo-Sa";"01:00";"00:00"
"STO_507";"Mo-Sa";"06:00";"22:00"
"STO_508";"Mo-Sa";"01:00";"00:00"
"STO_509";"Mo-Sa";"01:00";"00:00"
"STO_510";"Mo-Sa";"06:00";"22:00"
"STO_511";"Mo-Sa";"01:00";"00:00"
"STO_512";"Mo-Sa";"06:00";"22:00"
"STO_513";"Mo-Sa";"01:00";"00:00"
"STO_514";"Mo-Sa";"06:00";"22:00"
"STO_515";"Mo-Sa";"01:00";"00:00"
"STO_516";"Mo-Sa";"06:00";"22:00"
"STO_517";"Mo-Sa";"06:00";"22:00"
"STO_518";"Mo-Sa";"06:00";"22:00"
"STO_519";"Mo-Sa";"01:00";"00:00"
"STO_520";"Mo-Sa";"06:00";"22:00"
"STO_521";"Mo-Sa";"06:00";"22:00"
"STO_522";"Mo-Sa";"01:00";"00:00"
"STO_523";"Mo-Sa";"06:00";"22:00"
"STO_524";"Mo-Sa";"01:00";"00:00"
"STO_525";"Mo-Sa";"01:00";"00:00"
"STO_526";"Mo-Sa";"01:00";"00:00"
"STO_527";"Mo-Sa";"06:00";"22:00"
"STO_528";"Mo-Sa";"01:00";"00:00"
"STO_529";"Mo-Sa";"01:00";"00:00"
"STO_530";"Mo-Sa";"06:00";"22:00"
"STO_531";"Mo-Sa";"01:00";"00:00"
"STO_532";"Mo-Sa";"01:00";"00:00"
"STO_533";"Mo-Sa";"01:00";"00:00"
"STO_534";"Mo-Sa";"01:00";"00:00"
"STO_535";"Mo-Sa";"01:00";"00:00"
"STO_536";"Mo-Sa";"01:00";"00:00"
"STO_537";"Mo-Sa";"07:00";"22:00"
"STO_538";"Mo-Sa";"06:00";"22:00"
"STO_539";"Mo-Sa";"06:00";"22:00"
"STO_540";"Mo-Sa";"01:00";"00:00"
"STO_541";"Mo-Sa";"07:00";"22:00"
"STO_542";"Mo-Sa";"06:00";"22:00"
"STO_543";"Mo-Sa";"01:00";"00:00"
"STO_544";"Mo-Sa";"01:00";"00:00"
"STO_545";"Mo-Sa";"06:00";"22:00"
"STO_546";"Mo-Sa";"05:00";"22:00"
"STO_547";"Mo-Sa";"01:00";"00:00"
"STO_548";"Mo-Sa";"01:00";"00:00"
"STO_549";"Mo-Sa";"05:00";"22:00"
"STO_550";"Mo-Sa";"01:00";"00:00"
"STO_551";"Mo-Sa";"06:00";"07:30"
"STO_552";"Mo-Sa";"01:00";"00:00"
"STO_553";"Mo-Sa";"01:00";"00:00"
"STO_554";"Mo-Sa";"01:00";"00:00"
"STO_555";"Mo-Sa";"01:00";"00:00"
"STO_556";"Mo-Sa";"01:00";"00:00"
"STO_557";"Mo-Sa";"06:00";"22:00"
"STO_558";"Mo-Sa";"01:00";"00:00"
"STO_559";"Mo-Sa";"06:00";"22:00"
"STO_560";"Mo-Sa";"01:00";"00:00"
"STO_561";"Mo-Sa";"07:00";"22:00"
"STO_562";"Mo-Sa";"01:00";"00:00"
"STO_563";"Mo-Sa";"01:00";"00:00"
"STO_564";"Mo-Sa";"01:00";"00:00"
"STO_565";"Mo-Sa";"01:00";"00:00"
"STO_566";"Mo-Sa";"01:00";"00:00"
"STO_567";"Mo-Sa";"01:00";"00:00"
"STO_568";"Mo-Sa";"01:00";"00:00"
"STO_569";"Mo-Sa";"06:30";"22:00"
"STO_570";"Mo-Sa";"06:00";"22:00"
"STO_571";"Mo-Sa";"06:30";"22:00"
"STO_572";"Mo-Sa";"06:30";"22:00"
"STO_573";"Mo-Sa";"07:00";"22:00"
"STO_574";"Mo-Sa";"06:30";"22:00"
"STO_575";"Mo-Sa";"07:00";"22:00"
"STO_576";"Mo-Sa";"05:00";"22:00"
"STO_577";"Mo-Sa";"01:00";"00:00"
"STO_578";"Mo-Sa";"06:00";"22:00"
"STO_579";"Mo-Sa";"06:00";"22:00"
"STO_580";"Mo-Sa";"06:00";"22:00"
"STO_581";"Mo-Sa";"01:00";"00:00"
"STO_582";"Mo-Sa";"01:00";"00:00"
"STO_583";"Mo-Sa";"01:00";"00:00"
"STO_584";"Mo-Sa";"06:00";"22:00"
"STO_585";"Mo-Sa";"01:00";"00:00"
"STO_586";"Mo-Sa";"06:00";"22:00"
"STO_587";"Mo-Sa";"07:00";"22:00"
"STO_588";"Mo-Sa";"01:00";"00:00"
"STO_589";"Mo-Sa";"01:00";"00:00"
"STO_590";"Mo-Sa";"01:00";"00:00"
"STO_591";"Mo-Sa";"01:00";"00:00"
"STO_592";"Mo-Sa";"01:00";"00:00"
"STO_593";"Mo-Sa";"01:00";"00:00"
"STO_594";"Mo-Sa";"06:00";"22:00"
"STO_595";"Mo-Sa";"01:00";"00:00"
"STO_596";"Mo-Sa";"01:00";"00:00"
"STO_597";"Mo-Sa";"06:00";"22:00"
"STO_598";"Mo-Sa";"01:00";"00:00"
"STO_599";"Mo-Sa";"01:00";"00:00"
"STO_600";"Mo-Sa";"01:00";"00:00"
"STO_601";"Mo-Sa";"01:00";"00:00"
"STO_602";"Mo-Sa";"01:00";"00:00"
"STO_603";"Mo-Sa";"01:00";"00:00"
"STO_604";"Mo-Sa";"01:00";"00:00"
"STO_605";"Mo-Sa";"01:00";"00:00"
"STO_606";"Mo-Sa";"01:00";"00:00"
"STO_607";"Mo-Sa";"01:00";"00:00"
"STO_608";"Mo-Sa";"01:00";"00:00"
"STO_609";"Mo-Sa";"01:00";"00:00"
"STO_610";"Mo-Sa";"01:00";"00:00"
"STO_611";"Mo-Sa";"06:00";"22:00"
"STO_612";"Mo-Sa";"01:00";"00:00"
"STO_613";"Mo-Sa";"01:00";"00:00"
"STO_614";"Mo-Sa";"01:00";"00:00"
"STO_615";"Mo-Sa";"01:00";"00:00"
"STO_616";"Mo-Sa";"01:00";"00:00"
"STO_617";"Mo-Sa";"01:00";"00:00"
"STO_618";"Mo-Sa";"01:00";"00:00"
"STO_619";"Mo-Sa";"01:00";"00:00"
"STO_620";"Mo-Sa";"06:00";"22:00"
"STO_621";"Mo-Sa";"01:00";"00:00"
"STO_622";"Mo-Sa";"06:00";"22:00"
"STO_623";"Mo-Sa";"01:00";"00:00"
"STO_624";"Mo-Sa";"06:00";"22:00"
"STO_625";"Mo-Sa";"06:00";"22:00"
"STO_626";"Mo-Sa";"01:00";"00:00"
"STO_627";"Mo-Sa";"01:00";"00:00"
"STO_628";"Mo-Sa";"01:00";"00:00"
"STO_629";"Mo-Sa";"01:00";"00:00"
"STO_630";"Mo-Sa";"06:00";"22:00"
"STO_631";"Mo-Sa";"01:00";"00:00"
"STO_632";"Mo-Sa";"01:00";"00:00"
"STO_633";"Mo-Sa";"01:00";"00:00"
"STO_634";"Mo-Sa";"01:00";"00:00"
"STO_635";"Mo-Sa";"01:00";"00:00"
"STO_636";"Mo-Sa";"06:00";"22:00"
"STO_637";"Mo-Sa";"07:00";"22:00"
"STO_638";"Mo-Sa";"06:00";"22:00"
"STO_639";"Mo-Sa";"06:00";"22:00"
"STO_640";"Mo-Sa";"06:00";"07:30"
"STO_641";"Mo-Sa";"07:00";"22:00"
"STO_642";"Mo-Sa";"01:00";"00:00"
"STO_643";"Mo-Sa";"06:00";"22:00"
"STO_644";"Mo-Sa";"01:00";"00:00"
"STO_645";"Mo-Sa";"01:00";"00:00"
"STO_646";"Mo-Sa";"01:00";"00:00"
"STO_647";"Mo-Sa";"01:00";"00:00"
"STO_648";"Mo-Sa";"01:00";"00:00"
"STO_649";"Mo-Sa";"06:00";"22:00"
"STO_650";"Mo-Sa";"01:00";"00:00"
"STO_651";"Mo-Sa";"01:00";"00:00"
"STO_652";"Mo-Sa";"01:00";"00:00"
"STO_653";"Mo-Sa";"01:00";"00:00"
"STO_654";"Mo-Sa";"01:00";"00:00"
"STO_655";"Mo-Sa";"01:00";"00:00"
"STO_656";"Mo-Sa";"07:00";"22:00"
"STO_657";"Mo-Sa";"06:00";"22:00"
"STO_658";"Mo-Sa";"01:00";"00:00"
"STO_659";"Mo-Sa";"01:00";"00:00"
"STO_660";"Mo-Sa";"01:00";"00:00"
"STO_661";"Mo-Sa";"06:00";"22:00"
"STO_662";"Mo-Sa";"06:00";"22:00"
"STO_663";"Mo-Sa";"01:00";"00:00"
"STO_664";"Mo-Sa";"01:00";"00:00"
"STO_665";"Mo-Sa";"01:00";"00:00"
"STO_666";"Mo-Sa";"01:00";"00:00"
"STO_667";"Mo-Sa";"06:00";"22:00"
"STO_668";"Mo-Sa";"01:00";"00:00"
"STO_669";"Mo-Sa";"01:00";"00:00"
"STO_670";"Mo-Sa";"01:00";"00:00"
"STO_671";"Mo-Sa";"01:00";"00:00"
"STO_672";"Mo-Sa";"01:00";"00:00"
"STO_673";"Mo-Sa";"01:00";"00:00"
"STO_674";"Mo-Sa";"01:00";"00:00"
"STO_675";"Mo-Sa";"01:00";"00:00"
"STO_676";"Mo-Sa";"01:00";"00:00"
"STO_677";"Mo-Sa";"06:00";"22:00"
"STO_678";"Mo-Sa";"00:00";"07:00"
"STO_679";"Mo-Sa";"01:00";"00:00"
"STO_680";"Mo-Sa";"01:00";"00:00"
"STO_681";"Mo-Sa";"01:00";"00:00"
"STO_682";"Mo-Sa";"01:00";"00:00"
"STO_683";"Mo-Sa";"01:00";"00:00"
"STO_684";"Mo-Sa";"01:00";"00:00"
"STO_685";"Mo-Sa";"01:00";"00:00"
"STO_686";"Mo-Sa";"01:00";"00:00"
"STO_687";"Mo-Sa";"01:00";"00:00"
"STO_688";"Mo-Sa";"01:00";"00:00"
"STO_689";"Mo-Sa";"01:00";"00:00"
"STO_690";"Mo-Sa";"01:00";"00:00"
"STO_691";"Mo-Sa";"01:00";"00:00"
"STO_692";"Mo-Sa";"01:00";"00:00"
"STO_693";"Mo-Sa";"06:00";"22:00"
"STO_694";"Mo-Sa";"06:00";"22:00"
"STO_695";"Mo-Sa";"01:00";"00:00"
"STO_696";"Mo-Sa";"01:00";"00:00"
"STO_697";"Mo-Sa";"01:00";"00:00"
"STO_698";"Mo-Sa";"01:00";"00:00"
"STO_699";"Mo-Sa";"01:00";"00:00"
"STO_700";"Mo-Sa";"01:00";"00:00"
"STO_701";"Mo-Sa";"01:00";"00:00"
"STO_702";"Mo-Sa";"06:00";"08:00"
"STO_703";"Mo-Sa";"01:00";"00:00"
"STO_704";"Mo-Sa";"01:00";"00:00"
"STO_705";"Mo-Sa";"06:00";"22:00"
"STO_706";"Mo-Sa";"06:00";"22:00"
"STO_707";"Mo-Sa";"06:00";"22:00"
"STO_708";"Mo-Sa";"06:00";"22:00"
"STO_709";"Mo-Sa";"01:00";"00:00"
"STO_710";"Mo-Sa";"01:00";"00:00"
"STO_711";"Mo-Sa";"01:00";"00:00"
"STO_712";"Mo-Sa";"01:00";"00:00"
"STO_713";"Mo-Sa";"01:00";"00:00"
"STO_714";"Mo-Sa";"01:00";"00:00"
"STO_715";"Mo-Sa";"01:00";"00:00"
"STO_716";"Mo-Sa";"01:00";"00:00"
"STO_717";"Mo-Sa";"01:00";"00:00"
"STO_718";"Mo-Sa";"01:00";"00:00"
"STO_719";"Mo-Sa";"01:00";"00:00"
"STO_720";"Mo-Sa";"01:00";"00:00"
"STO_721";"Mo-Sa";"01:00";"00:00"
"STO_722";"Mo-Sa";"06:00";"08:00"
"STO_723";"Mo-Sa";"01:00";"00:00"
"STO_724";"Mo-Sa";"01:00";"00:00"
"STO_725";"Mo-Sa";"01:00";"00:00"
"STO_726";"Mo-Sa";"01:00";"00:00"
"STO_727";"Mo-Sa";"01:00";"00:00"
"STO_728";"Mo-Sa";"01:00";"00:00"
"STO_729";"Mo-Sa";"06:00";"22:00"
"STO_730";"Mo-Sa";"01:00";"00:00"
"STO_731";"Mo-Sa";"05:30";"08:00"
"STO_732";"Mo-Sa";"01:00";"00:00"
"STO_733";"Mo-Sa";"01:00";"00:00"
"STO_734";"Mo-Sa";"06:00";"22:00"
"STO_735";"Mo-Sa";"01:00";"00:00"
"STO_736";"Mo-Sa";"01:00";"00:00"
